"Alan West" <a.west@leeds.ac.uk>, "Alberto Pambira" <pambira@amsta.leeds.ac.uk>, "Alexander Mikhailov" <a.v.mikhailov@leeds.ac.uk>, "Alexander Veselov" <a.p.veselov@lboro.ac.uk>, "Alexei Kovalev" <A.G.Kovalev@dpmms.cam.ac.uk>, "Allan Fordy" <allan@amsta.leeds.ac.uk>, "Andrew Dancer" <dancer@maths.ox.ac.uk>, "Andrew Ranicki" <aar@maths.ed.ac.uk>, "Anthony Small" <lsmall@iolfree.ie>, "Antony Maciocia" <A.Maciocia@ed.ac.uk>, "Atsushi Higuchi" <ah28@york.ac.uk>, "Aysel Vanli" <avanli@gazi.edu.tr>, "Bernard Kay" <bsk2@york.ac.uk>, "Bill Crawley-Boevey" <W.Crawley-Boevey@leeds.ac.uk>, "Bina Mistry" <b.h.mistry@durham.ac.uk>, "Birte Feix" <feix@imada.sdu.dk>, "Brent Everitt" <bje1@york.ac.uk>, "Brian Bowditch" <bhb@maths.soton.ac.uk>, "Bruno Simoes" <bruno@maths.leeds.ac.uk>, "Chris Athorne" <c.athorne@maths.gla.ac.uk>, "Chris Fewster" <cjf3@york.ac.uk>, "Chris Gibson" <cggibson@liverpool.ac.uk>, "Chris Wood" <cmw4@york.ac.uk>, "Colin Rourke" <cpr@maths.warwick.ac.uk>, "David Calderbank" <dc511@york.ac.uk>, "David Chillingworth" <drjc@maths.soton.ac.uk>, "David Elworthy" <kde@maths.warwick.ac.uk>, "David Wraith" <dwraith@maths.may.ie>, "Dmitri Alekseevsky" <d.v.alekseevsky@hull.ac.uk>, "Dominic Joyce" <joyce@maths.ox.ac.uk>, "Douglas Clark" <D.E.R.Clark@ma.hw.ac.uk>, "Ed Corrigan" <ec9@york.ac.uk>, "Elmer Rees" <E.Rees@ed.ac.uk>, "Esther Vergara Diaz" <evd103@york.ac.uk>, "Eugene Ferapontov" <e.v.ferapontov@lboro.ac.uk>, "Farid Tari" <farid.tari@durham.ac.uk>, "Fran Burstall" <f.e.burstall@maths.bath.ac.uk>, "Frank Nijhoff" <frank@amsta.leeds.ac.uk>, "Gabriel Paternain" <g.p.paternain@dpmms.cam.ac.uk>, "Gerasim Kokarev" <G.Kokarev@ed.ac.uk>, "Graham Hall" <g.hall@maths.abdn.ac.uk>, "Graham Niblo" <gan@maths.soton.ac.uk>, "Hovik Khudaverdyan" <Hovhannes.Khudaverdyan@umist.ac.uk>, "Hugh Porteous" <h.l.porteous@shu.ac.uk>, "Ian McIntosh" <im7@york.ac.uk>, "Ian Strachan" <i.strachan@maths.gla.ac.uk>, "James Anderson" <jwa@maths.soton.ac.uk>, "James Eells" <jameseells@googlemail.com>, "James McGlade" <mat7jam@leeds.ac.uk>, "James Vickers" <J.A.Vickers@maths.soton.ac.uk>, "James Woodward" <jmw125@york.ac.uk>, "Jean-Marie Burel" <j.burel@dundee.ac.uk>, "John Ball" <ball@maths.ox.ac.uk>, "John Bolton" <john.bolton@durham.ac.uk>, "John Boyling" <j.b.boyling@leeds.ac.uk>, "John Jones" <jdsj@maths.warwick.ac.uk>, "John Parker" <j.r.parker@durham.ac.uk>, "John Rawnsley" <jhr@maths.warwick.ac.uk>, "John Wood" <j.c.wood@leeds.ac.uk>, "Jose Figueroa-O'Farrill" <J.M.Figueroa@ed.ac.uk>, "Jurgen Berndt" <j.berndt@ucc.ie >, "Kamal Al-Banawi" <kamal@amsta.leeds.ac.uk>, "Kevin Baron" <k.baron@maths.gla.ac.uk>, "Kevin Houston" <khouston@amsta.leeds.ac.uk>, "Kirill Mackenzie" <k.mackenzie@sheffield.ac.uk>, "Kit Dodson" <dodson@umist.ac.uk>, "Leonid Dzhalilov" <l.f.dzhalilov@maths.hull.ac.uk>, "Liana David" <l.david@maths.gla.ac.uk>, "Lionel Mason" <lmason@maths.ox.ac.uk>, "Luis Fernandez" <lfernand@uniandes.edu.co>, "Lyuba Alboul" <L.Alboul@shu.ac.uk>, "Maciej Dunajski" <M.Dunajski@damtp.cam.ac.uk>, "Mario Micallef" <mm@maths.warwick.ac.uk>, "Mark Gross" <mgross@maths.warwick.ac.uk>, "Martin Bridson" <m.bridson@ic.ac.uk>, "Martin Kilian" <masmk@maths.bath.ac.uk>, "Martin Speight" <speight@amsta.leeds.ac.uk>, "Martin Svensson" <msv@maths.lth.se>, "Michael Eggar" <M.Eggar@ed.ac.uk>, "Michael Farber" <michael.farber@durham.ac.uk>, "Michael Singer" <M.Singer@ed.ac.uk>, "Michael Weiss" <m.weiss@maths.abdn.ac.uk>, "Mike Crampin" <crampin@btinternet.com>, "Nicholas Manton" <n.s.manton@damtp.cam.ac.uk>, "Nick Woodhouse" <nwoodh@maths.ox.ac.uk>, "Nigel Hitchin" <hitchin@maths.ox.ac.uk>, "Norbert Peyerimhoff" <norbert.peyerimhoff@durham.ac.uk>, "Paul Tod" <tod@maths.ox.ac.uk>, "Paul Wardman" <pjw118@york.ac.uk>, "Peter Giblin" <pjgiblin@liverpool.ac.uk>, "Peter Jupp" <pej@st-andrews.ac.uk>, "Peter Topping" <topping@maths.warwick.ac.uk>, "Radu Pantilie" <pmtrp@amsta.leeds.ac.uk>, "Richard Hunter" <rwh102@york.ac.uk>, "Richard Ward" <richard.ward@durham.ac.uk>, "Robin Tucker" <R.Tucker@Lancaster.ac.uk>, "Roger Bielawski" <r.bielawski@maths.gla.ac.uk>, "Sergey Merkulov" <s.merkulov@maths.gla.ac.uk>, "Sheila Carter" <s.carter@leeds.ac.uk>, "Sigmundur Gudmundsson" <Sigmundur.Gudmundsson@math.lu.se>, "Simon Donaldson" <s.donaldson@ic.ac.uk>, "Simon Salamon" <s.salamon@imperial.ac.uk>, "Theodore Voronov" <theodore.voronov@umist.ac.uk>, "Tim Swift" <Tim.Swift@uwe.ac.uk>, "Toby Bailey" <T.N.Bailey@ed.ac.uk>, "Tony Sudbery" <as2@york.ac.uk>, "Vadim Kuznetsov" <vadim@amsta.leeds.ac.uk>, "Wilfrid Kendall" <w.s.kendall@warwick.ac.uk>, "Wilhelm Klingenberg" <wilhelm.klingenberg@durham.ac.uk>, "William Bruce" <jwbruce@liverpool.ac.uk>, "William Harvey" <bill.harvey@kcl.ac.uk>, "Wisnu Kusuma" <wisnu.kusuma@imperial.ac.uk>, "Wojtek Zakrzewski" <W.J.Zakrzewski@durham.ac.uk>